{
  "type" : "sfdc_cms__view",
  "title" : "Check Password",
  "contentBody" : {
    "component" : {
      "children" : [ {
        "children" : [ {
          "attributes" : {
            "backgroundImageConfig" : "",
            "backgroundImageOverlay" : "rgba(0,0,0,0)",
            "componentSpacerSize" : "",
            "dxpStyle" : { },
            "layoutDirectionDesktop" : "row",
            "layoutDirectionMobile" : "column",
            "layoutDirectionTablet" : "column",
            "maxContentWidth" : "",
            "sectionColumnGutterWidth" : "",
            "sectionConfig" : "{\"UUID\":\"5f5101e0-4d4c-42d3-ba82-68c1cd64f054\",\"columns\":[{\"UUID\":\"6a90d8f7-309c-4649-931b-754affedfa90\",\"columnName\":\"Column 1\",\"columnKey\":\"col1\",\"columnWidth\":\"12\",\"seedComponents\":null}]}",
            "sectionMinHeight" : "",
            "sectionVerticalAlign" : "flex-start"
          },
          "children" : [ {
            "children" : [ {
              "attributes" : {
                "alignment" : "left",
                "dxpStyle" : { },
                "imageInfo" : "",
                "imageInfoMobile" : "",
                "logoWidth" : 250
              },
              "definition" : "dxp_content_layout:siteLogo",
              "id" : "b49cd539-8866-4eb6-a306-4d58c6413cea",
              "type" : "component"
            }, {
              "attributes" : {
                "checkEmailMessage" : "Check the email account associated with your username for the link to reset your password. If you didn't get an email, check your Spam folder. Or contact your administrator.",
                "dxpStyle" : { },
                "returnButtonLabel" : "Back to login",
                "titleLabel" : "Now check your email"
              },
              "definition" : "community_login:checkEmail",
              "id" : "871d9bf5-00b9-443f-ad98-cea3f49547e9",
              "type" : "component"
            } ],
            "id" : "6a90d8f7-309c-4649-931b-754affedfa90",
            "name" : "col1",
            "title" : "Column 1",
            "type" : "region"
          } ],
          "definition" : "community_layout:section",
          "id" : "5f5101e0-4d4c-42d3-ba82-68c1cd64f054",
          "type" : "component"
        } ],
        "id" : "478e8301-1e14-4576-b632-e9de3689469d",
        "name" : "content",
        "title" : "Content",
        "type" : "region"
      }, {
        "children" : [ {
          "attributes" : {
            "customHeadTags" : "",
            "description" : "",
            "dxpStyle" : { },
            "pageTitle" : "Check Password",
            "recordId" : "{!recordId}"
          },
          "definition" : "community_builder:seoAssistant",
          "id" : "551a370b-bef6-4a76-9250-f1d0ce62e73a",
          "type" : "component"
        } ],
        "id" : "4c048069-709f-449d-9da5-f073c535ae30",
        "name" : "sfdcHiddenRegion",
        "title" : "sfdcHiddenRegion",
        "type" : "region"
      } ],
      "definition" : "community_layout:sldsFlexibleLayout",
      "id" : "ea9655cd-779f-43ae-99fc-ebc0584e7e3e",
      "type" : "component"
    },
    "dataProviders" : [ ],
    "themeLayoutType" : "Inner",
    "viewType" : "check-password"
  },
  "urlName" : "check-password"
}