{
  "type" : "sfdc_cms__view",
  "title" : "Too Many Requests",
  "contentBody" : {
    "component" : {
      "children" : [ {
        "children" : [ {
          "attributes" : {
            "backgroundImageConfig" : "",
            "backgroundImageOverlay" : "rgba(0,0,0,0)",
            "componentSpacerSize" : "",
            "dxpStyle" : { },
            "layoutDirectionDesktop" : "row",
            "layoutDirectionMobile" : "column",
            "layoutDirectionTablet" : "column",
            "maxContentWidth" : "",
            "sectionColumnGutterWidth" : "",
            "sectionConfig" : "{\"UUID\":\"2ce28863-fe75-4faa-b980-f9c6630b970f\",\"columns\":[{\"UUID\":\"7044b7b1-f9ee-43fc-91ec-57a3e40092c3\",\"columnName\":\"Column 1\",\"columnKey\":\"col1\",\"columnWidth\":\"12\",\"seedComponents\":null}]}",
            "sectionMinHeight" : "",
            "sectionVerticalAlign" : "flex-start"
          },
          "children" : [ {
            "children" : [ {
              "attributes" : {
                "dxpStyle" : { },
                "imageInfos" : "",
                "richTextValue" : "<div style=\"display: flex; align-items: center; flex-direction: column; margin: 60px 25px 30px 25px;\">\n\t<div style=\"background-image: url(assets/img/tooManyRequests.svg) !important; background-size: contain; height: 350px; width: 100%; background-repeat: no-repeat; background-position: center;\"></div>\n</div>\n<div style=\"margin: 0 25px; text-align: center;\">\n\t<h1 class=\"slds-text-heading_large\">Looks like the site is experiencing higher than usual demand&#8230;</h1>\n\t<p class=\"slds-text-heading_small\">Don't go anywhere. We'll redirect you in a moment.</p>\n</div>"
              },
              "definition" : "community_builder:htmlEditor",
              "id" : "9d1af00b-d748-431a-980d-e772b5402cc9",
              "type" : "component"
            }, {
              "attributes" : {
                "dxpStyle" : { }
              },
              "definition" : "experience_availability:autoRefresh",
              "id" : "566d902a-4217-4edb-8dab-a20a3f662ab6",
              "type" : "component"
            } ],
            "id" : "7044b7b1-f9ee-43fc-91ec-57a3e40092c3",
            "name" : "col1",
            "title" : "Column 1",
            "type" : "region"
          } ],
          "definition" : "community_layout:section",
          "id" : "2ce28863-fe75-4faa-b980-f9c6630b970f",
          "type" : "component"
        } ],
        "id" : "faf3959e-ed3e-4187-9b7a-7e05b17adfec",
        "name" : "content",
        "title" : "Content",
        "type" : "region"
      } ],
      "definition" : "community_layout:sldsFlexibleLayout",
      "id" : "251457f4-fa58-4bed-93e5-0e3af1be5395",
      "type" : "component"
    },
    "dataProviders" : [ ],
    "themeLayoutType" : "ServiceNotAvailable",
    "viewType" : "too-many-requests"
  },
  "urlName" : "too-many-requests"
}