{
  "type" : "sfdc_cms__view",
  "title" : "Forgot Password",
  "contentBody" : {
    "component" : {
      "children" : [ {
        "children" : [ {
          "attributes" : {
            "backgroundImageConfig" : "",
            "backgroundImageOverlay" : "rgba(0,0,0,0)",
            "componentSpacerSize" : "",
            "dxpStyle" : { },
            "layoutDirectionDesktop" : "row",
            "layoutDirectionMobile" : "column",
            "layoutDirectionTablet" : "column",
            "maxContentWidth" : "",
            "sectionColumnGutterWidth" : "",
            "sectionConfig" : "{\"UUID\":\"a1f3e41f-f0e0-4de1-bd84-ce1f10f9be5d\",\"columns\":[{\"UUID\":\"4577c93f-d07f-4288-9971-b6a946f19439\",\"columnName\":\"Column 1\",\"columnKey\":\"col1\",\"columnWidth\":\"12\",\"seedComponents\":null}]}",
            "sectionMinHeight" : "",
            "sectionVerticalAlign" : "flex-start"
          },
          "children" : [ {
            "children" : [ {
              "attributes" : {
                "alignment" : "left",
                "dxpStyle" : { },
                "imageInfo" : "",
                "imageInfoMobile" : "",
                "logoWidth" : 250
              },
              "definition" : "dxp_content_layout:siteLogo",
              "id" : "b2b63a64-e85c-467b-bb7b-afb1bd11114a",
              "type" : "component"
            }, {
              "attributes" : {
                "cancelButtonLabel" : "Cancel",
                "checkEmailUrl" : "./CheckPasswordResetEmail",
                "dxpStyle" : { },
                "instructionsLabel" : "To reset your password, enter your username. We'll send a reset-password link to the email address associated with your account.",
                "submitButtonLabel" : "Reset",
                "titleLabel" : "Forgot your password?",
                "usernameLabel" : "Username"
              },
              "definition" : "community_login:forgotPassword",
              "id" : "7361bdb5-d711-4e02-8783-2b7b5376cab0",
              "type" : "component"
            } ],
            "id" : "4577c93f-d07f-4288-9971-b6a946f19439",
            "name" : "col1",
            "title" : "Column 1",
            "type" : "region"
          } ],
          "definition" : "community_layout:section",
          "id" : "a1f3e41f-f0e0-4de1-bd84-ce1f10f9be5d",
          "type" : "component"
        } ],
        "id" : "c3615982-68ff-4fc7-a19c-2140d9e9558e",
        "name" : "content",
        "title" : "Content",
        "type" : "region"
      }, {
        "children" : [ {
          "attributes" : {
            "customHeadTags" : "",
            "description" : "",
            "dxpStyle" : { },
            "pageTitle" : "Forgot Password",
            "recordId" : "{!recordId}"
          },
          "definition" : "community_builder:seoAssistant",
          "id" : "93fff9c2-5f9a-4056-bb9c-1b56957a2050",
          "type" : "component"
        } ],
        "id" : "2a8652e3-e9fa-4a29-8591-c95f6f30cb15",
        "name" : "sfdcHiddenRegion",
        "title" : "sfdcHiddenRegion",
        "type" : "region"
      } ],
      "definition" : "community_layout:sldsFlexibleLayout",
      "id" : "c387f43a-2a3d-4e54-a741-556bbd8b88eb",
      "type" : "component"
    },
    "dataProviders" : [ ],
    "themeLayoutType" : "Inner",
    "viewType" : "forgot-password"
  },
  "urlName" : "forgot-password"
}