{
  "type" : "sfdc_cms__trustedSites",
  "title" : "trustedSites",
  "contentBody" : {
    "trustedSites" : [ {
      "isActive" : true,
      "source" : "https://fpjscdn.net",
      "sourceName" : "Fingerprint"
    }, {
      "isActive" : true,
      "source" : "https://tristarproductsinc--spctmfull--c.sandbox.vf.force.com",
      "sourceName" : "Salesforce Resource"
    }, {
      "isActive" : true,
      "source" : "https://tristarproductsinc--spctmfull.sandbox.my.salesforce.com",
      "sourceName" : "Salesforce domain"
    } ]
  },
  "urlName" : "trustedsites"
}