<?xml version="1.0" encoding="UTF-8"?>
<EmailServicesFunction xmlns="http://soap.sforce.com/2006/04/metadata" xmlns:xsi="http://www.w3.org/2001/XMLSchema-instance">
    <apexClass xsi:nil="true"/>
    <attachmentOption>All</attachmentOption>
    <authenticationFailureAction>Bounce</authenticationFailureAction>
    <authorizationFailureAction>Discard</authorizationFailureAction>
    <emailServicesAddresses>
        <developerName>amazonpay</developerName>
        <isActive>true</isActive>
        <localPart>amazonpay</localPart>
        <runAsUser>automatedcase@00d3i000000gvgueao.ext</runAsUser>
    </emailServicesAddresses>
    <emailServicesAddresses>
        <developerName>contactus</developerName>
        <isActive>true</isActive>
        <localPart>contactus</localPart>
        <runAsUser>automatedcase@00d3i000000gvgueao.ext</runAsUser>
    </emailServicesAddresses>
    <emailServicesAddresses>
        <developerName>csretail</developerName>
        <isActive>true</isActive>
        <localPart>csretail</localPart>
        <runAsUser>automatedcase@00d3i000000gvgueao.ext</runAsUser>
    </emailServicesAddresses>
    <emailServicesAddresses>
        <developerName>customercare</developerName>
        <isActive>true</isActive>
        <localPart>customercare</localPart>
        <runAsUser>automatedcase@00d3i000000gvgueao.ext</runAsUser>
    </emailServicesAddresses>
    <emailServicesAddresses>
        <developerName>customerservice</developerName>
        <isActive>true</isActive>
        <localPart>customerservice</localPart>
        <runAsUser>automatedcase@00d3i000000gvgueao.ext</runAsUser>
    </emailServicesAddresses>
    <emailServicesAddresses>
        <developerName>dualzonecs</developerName>
        <isActive>true</isActive>
        <localPart>dualzonecs</localPart>
        <runAsUser>automatedcase@00d3i000000gvgueao.ext</runAsUser>
    </emailServicesAddresses>
    <emailServicesAddresses>
        <developerName>empowercustomercare</developerName>
        <isActive>true</isActive>
        <localPart>empowercustomercare</localPart>
        <runAsUser>automatedcase@00d3i000000gvgueao.ext</runAsUser>
    </emailServicesAddresses>
    <emailServicesAddresses>
        <developerName>empowercustomerservice</developerName>
        <isActive>true</isActive>
        <localPart>empowercustomerservice</localPart>
        <runAsUser>automatedcase@00d3i000000gvgueao.ext</runAsUser>
    </emailServicesAddresses>
    <emailServicesAddresses>
        <developerName>hairdryerrecall</developerName>
        <isActive>true</isActive>
        <localPart>hairdryerrecall</localPart>
        <runAsUser>automatedcase@00d3i000000gvgueao.ext</runAsUser>
    </emailServicesAddresses>
    <emailServicesAddresses>
        <developerName>info</developerName>
        <isActive>true</isActive>
        <localPart>info</localPart>
        <runAsUser>automatedcase@00d3i000000gvgueao.ext</runAsUser>
    </emailServicesAddresses>
    <emailServicesAddresses>
        <developerName>info1</developerName>
        <isActive>true</isActive>
        <localPart>info</localPart>
        <runAsUser>automatedcase@00d3i000000gvgueao.ext</runAsUser>
    </emailServicesAddresses>
    <emailServicesAddresses>
        <developerName>infotp</developerName>
        <isActive>true</isActive>
        <localPart>infotp</localPart>
        <runAsUser>automatedcase@00d3i000000gvgueao.ext</runAsUser>
    </emailServicesAddresses>
    <emailServicesAddresses>
        <developerName>registertp</developerName>
        <isActive>true</isActive>
        <localPart>registertp</localPart>
        <runAsUser>automatedcase@00d3i000000gvgueao.ext</runAsUser>
    </emailServicesAddresses>
    <emailServicesAddresses>
        <developerName>remconmbx</developerName>
        <isActive>true</isActive>
        <localPart>remconmbx</localPart>
        <runAsUser>automatedcase@00d3i000000gvgueao.ext</runAsUser>
    </emailServicesAddresses>
    <emailServicesAddresses>
        <developerName>sftest100219</developerName>
        <isActive>true</isActive>
        <localPart>sftest100219</localPart>
        <runAsUser>automatedcase@00d3i000000gvgueao.ext</runAsUser>
    </emailServicesAddresses>
    <emailServicesAddresses>
        <developerName>thirdpartyescalations</developerName>
        <isActive>true</isActive>
        <localPart>thirdpartyescalations</localPart>
        <runAsUser>automatedcase@00d3i000000gvgueao.ext</runAsUser>
    </emailServicesAddresses>
    <emailServicesAddresses>
        <developerName>wecare</developerName>
        <isActive>true</isActive>
        <localPart>wecare</localPart>
        <runAsUser>automatedcase@00d3i000000gvgueao.ext</runAsUser>
    </emailServicesAddresses>
    <functionInactiveAction>Bounce</functionInactiveAction>
    <functionName>EmailToCase</functionName>
    <isActive>true</isActive>
    <isAuthenticationRequired>false</isAuthenticationRequired>
    <isErrorRoutingEnabled>false</isErrorRoutingEnabled>
    <isTextAttachmentsAsBinary>true</isTextAttachmentsAsBinary>
    <isTlsRequired>false</isTlsRequired>
    <overLimitAction>Bounce</overLimitAction>
</EmailServicesFunction>
