<?xml version="1.0" encoding="UTF-8"?>
<EmailServicesFunction xmlns="http://soap.sforce.com/2006/04/metadata" xmlns:xsi="http://www.w3.org/2001/XMLSchema-instance">
    <apexClass xsi:nil="true"/>
    <attachmentOption>All</attachmentOption>
    <authenticationFailureAction>Discard</authenticationFailureAction>
    <authorizationFailureAction>Bounce</authorizationFailureAction>
    <emailServicesAddresses>
        <authorizedSenders>vickik@tristarproductsinc.com</authorizedSenders>
        <developerName>emailtosalesforce</developerName>
        <isActive>true</isActive>
        <localPart>emailtosalesforce</localPart>
        <runAsUser>victoria.king@spectrumbrands.com</runAsUser>
    </emailServicesAddresses>
    <emailServicesAddresses>
        <authorizedSenders>customerservice@tristarproductsinc.com, Wecare@tristarproductsinc.com, csretail@tristarproductsinc.com</authorizedSenders>
        <developerName>emailtosalesforce1</developerName>
        <isActive>true</isActive>
        <localPart>emailtosalesforce</localPart>
        <runAsUser>astrid.hunton@spectrumbrands.com</runAsUser>
    </emailServicesAddresses>
    <emailServicesAddresses>
        <authorizedSenders>ron@mantecconsultants.com</authorizedSenders>
        <developerName>emailtosalesforce10</developerName>
        <isActive>true</isActive>
        <localPart>emailtosalesforce</localPart>
        <runAsUser>ron@mantecconsultants.com</runAsUser>
    </emailServicesAddresses>
    <emailServicesAddresses>
        <authorizedSenders>nahshimae@tristarproductsinc.com</authorizedSenders>
        <developerName>emailtosalesforce11</developerName>
        <isActive>true</isActive>
        <localPart>emailtosalesforce</localPart>
        <runAsUser>nahshimae@tristarproductsinc.com</runAsUser>
    </emailServicesAddresses>
    <emailServicesAddresses>
        <authorizedSenders>frank@mantecconsultants.com</authorizedSenders>
        <developerName>emailtosalesforce12</developerName>
        <isActive>true</isActive>
        <localPart>emailtosalesforce</localPart>
        <runAsUser>frank@mantecconsultants.com</runAsUser>
    </emailServicesAddresses>
    <emailServicesAddresses>
        <authorizedSenders>amparoa@tristarproductsinc.com</authorizedSenders>
        <developerName>emailtosalesforce13</developerName>
        <isActive>true</isActive>
        <localPart>emailtosalesforce</localPart>
        <runAsUser>amparo.acevedo@spectrumbrands.com</runAsUser>
    </emailServicesAddresses>
    <emailServicesAddresses>
        <authorizedSenders>pete@mantecconsultants.com</authorizedSenders>
        <developerName>emailtosalesforce14</developerName>
        <isActive>true</isActive>
        <localPart>emailtosalesforce</localPart>
        <runAsUser>pete@mantecconsultants.com</runAsUser>
    </emailServicesAddresses>
    <emailServicesAddresses>
        <authorizedSenders>supervisorsallegro@outlook.com</authorizedSenders>
        <developerName>emailtosalesforce15</developerName>
        <isActive>true</isActive>
        <localPart>emailtosalesforce</localPart>
        <runAsUser>supervisorsallegro@outlook.com</runAsUser>
    </emailServicesAddresses>
    <emailServicesAddresses>
        <authorizedSenders>sfshared@fbtsolutions.com</authorizedSenders>
        <developerName>emailtosalesforce16</developerName>
        <isActive>true</isActive>
        <localPart>emailtosalesforce</localPart>
        <runAsUser>sfshared@fbtsolutions.com</runAsUser>
    </emailServicesAddresses>
    <emailServicesAddresses>
        <authorizedSenders>reneek@tristarproductsinc.com</authorizedSenders>
        <developerName>emailtosalesforce17</developerName>
        <isActive>true</isActive>
        <localPart>emailtosalesforce</localPart>
        <runAsUser>reneek@tristarproductsinc.com</runAsUser>
    </emailServicesAddresses>
    <emailServicesAddresses>
        <authorizedSenders>karla.terminel@allegroresponse.net</authorizedSenders>
        <developerName>emailtosalesforce18</developerName>
        <isActive>true</isActive>
        <localPart>emailtosalesforce</localPart>
        <runAsUser>karla.terminel@allegroresponse.net</runAsUser>
    </emailServicesAddresses>
    <emailServicesAddresses>
        <authorizedSenders>vance@mantecconsultants.com</authorizedSenders>
        <developerName>emailtosalesforce19</developerName>
        <isActive>true</isActive>
        <localPart>emailtosalesforce</localPart>
        <runAsUser>vance@mantecconsultants.com</runAsUser>
    </emailServicesAddresses>
    <emailServicesAddresses>
        <authorizedSenders>carlyo@tristarproductsinc.com</authorizedSenders>
        <developerName>emailtosalesforce2</developerName>
        <isActive>true</isActive>
        <localPart>emailtosalesforce</localPart>
        <runAsUser>carlyo@tristarproductsinc.com</runAsUser>
    </emailServicesAddresses>
    <emailServicesAddresses>
        <authorizedSenders>akashsingh@mantecconsultants.com</authorizedSenders>
        <developerName>emailtosalesforce20</developerName>
        <isActive>true</isActive>
        <localPart>emailtosalesforce</localPart>
        <runAsUser>akashsingh@mantecconsultants.com</runAsUser>
    </emailServicesAddresses>
    <emailServicesAddresses>
        <authorizedSenders>casey.cullen@spectrumbrands.com</authorizedSenders>
        <developerName>emailtosalesforce21</developerName>
        <isActive>true</isActive>
        <localPart>emailtosalesforce</localPart>
        <runAsUser>casey.cullen@spectrumbrands.com</runAsUser>
    </emailServicesAddresses>
    <emailServicesAddresses>
        <authorizedSenders>rob.garrett@trifecta.com</authorizedSenders>
        <developerName>emailtosalesforce3</developerName>
        <isActive>true</isActive>
        <localPart>emailtosalesforce</localPart>
        <runAsUser>rob.garrett@tristarproducts.com</runAsUser>
    </emailServicesAddresses>
    <emailServicesAddresses>
        <authorizedSenders>ivettem@tristarproductsinc.com</authorizedSenders>
        <developerName>emailtosalesforce4</developerName>
        <isActive>true</isActive>
        <localPart>emailtosalesforce</localPart>
        <runAsUser>ivette.mendez@spectrumbrands.com</runAsUser>
    </emailServicesAddresses>
    <emailServicesAddresses>
        <authorizedSenders>sr7646@contax360.com</authorizedSenders>
        <developerName>emailtosalesforce5</developerName>
        <isActive>true</isActive>
        <localPart>emailtosalesforce</localPart>
        <runAsUser>sr7646@contax360.com</runAsUser>
    </emailServicesAddresses>
    <emailServicesAddresses>
        <authorizedSenders>michelem@tristarproductsinc.com</authorizedSenders>
        <developerName>emailtosalesforce6</developerName>
        <isActive>true</isActive>
        <localPart>emailtosalesforce</localPart>
        <runAsUser>michelem@tristarproductsinc.com</runAsUser>
    </emailServicesAddresses>
    <emailServicesAddresses>
        <authorizedSenders>daniellee@tristarproductsinc.com</authorizedSenders>
        <developerName>emailtosalesforce7</developerName>
        <isActive>true</isActive>
        <localPart>emailtosalesforce</localPart>
        <runAsUser>daniellee@tristarproductsinc.com</runAsUser>
    </emailServicesAddresses>
    <emailServicesAddresses>
        <authorizedSenders>stefaniag@tristarproductsinc.com</authorizedSenders>
        <developerName>emailtosalesforce8</developerName>
        <isActive>true</isActive>
        <localPart>emailtosalesforce</localPart>
        <runAsUser>stefaniag@tristarproductsinc.com</runAsUser>
    </emailServicesAddresses>
    <emailServicesAddresses>
        <authorizedSenders>jynmarquez.tristar@outlook.com</authorizedSenders>
        <developerName>emailtosalesforce9</developerName>
        <isActive>true</isActive>
        <localPart>emailtosalesforce</localPart>
        <runAsUser>jynmarquez.tristar@outlook.com</runAsUser>
    </emailServicesAddresses>
    <functionInactiveAction>Bounce</functionInactiveAction>
    <functionName>EmailToSalesforce</functionName>
    <isActive>true</isActive>
    <isAuthenticationRequired>false</isAuthenticationRequired>
    <isErrorRoutingEnabled>false</isErrorRoutingEnabled>
    <isTextAttachmentsAsBinary>false</isTextAttachmentsAsBinary>
    <isTlsRequired>false</isTlsRequired>
    <overLimitAction>Bounce</overLimitAction>
</EmailServicesFunction>
