{
  "type" : "sfdc_cms__themeLayout",
  "title" : "Scoped Header and Footer",
  "contentBody" : {
    "component" : {
      "attributes" : {
        "hideThemeFooter" : false,
        "showThemeFooterAtBottom" : true,
        "stickyThemeHeader" : false
      },
      "children" : [ {
        "children" : [ {
          "attributes" : {
            "backgroundImageConfig" : "",
            "backgroundImageOverlay" : "rgba(0,0,0,0)",
            "componentSpacerSize" : "",
            "dxpStyle" : {
              "isVisible" : false
            },
            "layoutDirectionDesktop" : "row",
            "layoutDirectionMobile" : "column",
            "layoutDirectionTablet" : "column",
            "maxContentWidth" : "",
            "sectionColumnGutterWidth" : "",
            "sectionConfig" : "{\"UUID\":\"467fa5ae-758e-4002-8ff7-893dbe39e10f\",\"columns\":[{\"UUID\":\"20d887a3-de09-4121-8efa-e259ece83da7\",\"columnName\":\"Column 1\",\"columnKey\":\"col1\",\"columnWidth\":\"12\",\"seedComponents\":[]}]}",
            "sectionMinHeight" : "",
            "sectionVerticalAlign" : "flex-start"
          },
          "children" : [ {
            "id" : "20d887a3-de09-4121-8efa-e259ece83da7",
            "name" : "col1",
            "title" : "Column 1",
            "type" : "region"
          } ],
          "definition" : "community_layout:section",
          "id" : "467fa5ae-758e-4002-8ff7-893dbe39e10f",
          "type" : "component"
        } ],
        "id" : "d469b6ee-b1b2-479b-9b12-e74ed5f6b9d7",
        "name" : "header",
        "title" : "Theme Header",
        "type" : "region"
      }, {
        "children" : [ {
          "attributes" : {
            "backgroundImageConfig" : "",
            "backgroundImageOverlay" : "rgba(0,0,0,0)",
            "componentSpacerSize" : "",
            "dxpStyle" : { },
            "layoutDirectionDesktop" : "row",
            "layoutDirectionMobile" : "column",
            "layoutDirectionTablet" : "column",
            "maxContentWidth" : "",
            "sectionColumnGutterWidth" : "",
            "sectionConfig" : "{\"UUID\":\"e9bba5d4-169a-450d-90a6-4b2b1cde8706\",\"columns\":[{\"UUID\":\"4912c7ac-248e-4f7d-91d2-05652b480339\",\"columnName\":\"Column 1\",\"columnKey\":\"col1\",\"columnWidth\":\"12\",\"seedComponents\":[]}]}",
            "sectionMinHeight" : "",
            "sectionVerticalAlign" : "flex-start"
          },
          "children" : [ {
            "id" : "4912c7ac-248e-4f7d-91d2-05652b480339",
            "name" : "col1",
            "title" : "Column 1",
            "type" : "region"
          } ],
          "definition" : "community_layout:section",
          "id" : "e9bba5d4-169a-450d-90a6-4b2b1cde8706",
          "type" : "component"
        } ],
        "id" : "b8c027fc-59bb-48b4-8195-302e074c5207",
        "name" : "footer",
        "title" : "Theme Footer",
        "type" : "region"
      } ],
      "definition" : "community_byo:scopedHeaderAndFooter",
      "id" : "b41f72c2-60e1-4f9a-96dc-868b9f3fb359",
      "type" : "component"
    }
  },
  "urlName" : "scoped-header-and-footer"
}