{
  "type" : "sfdc_cms__view",
  "title" : "Check Password",
  "contentBody" : {
    "component" : {
      "children" : [ {
        "children" : [ {
          "attributes" : {
            "backgroundImageConfig" : "",
            "backgroundImageOverlay" : "rgba(0,0,0,0)",
            "componentSpacerSize" : "",
            "dxpStyle" : { },
            "layoutDirectionDesktop" : "row",
            "layoutDirectionMobile" : "column",
            "layoutDirectionTablet" : "column",
            "maxContentWidth" : "",
            "sectionColumnGutterWidth" : "",
            "sectionConfig" : "{\"UUID\":\"710145a8-e8dc-4399-ab38-7442eff679d5\",\"columns\":[{\"UUID\":\"e4266d7a-6de2-4ccf-94f5-9e0217fa5b79\",\"columnName\":\"Column 1\",\"columnKey\":\"col1\",\"columnWidth\":\"12\",\"seedComponents\":null}]}",
            "sectionMinHeight" : "",
            "sectionVerticalAlign" : "flex-start"
          },
          "children" : [ {
            "children" : [ {
              "attributes" : {
                "alignment" : "left",
                "dxpStyle" : { },
                "imageInfo" : "",
                "imageInfoMobile" : "",
                "logoWidth" : 250
              },
              "definition" : "dxp_content_layout:siteLogo",
              "id" : "e0c14fa9-8210-4a69-bfdb-4e6ea2a04298",
              "type" : "component"
            }, {
              "attributes" : {
                "checkEmailMessage" : "Check the email account associated with your username for the link to reset your password. If you didn't get an email, check your Spam folder. Or contact your administrator.",
                "dxpStyle" : { },
                "returnButtonLabel" : "Back to login",
                "titleLabel" : "Now check your email"
              },
              "definition" : "community_login:checkEmail",
              "id" : "1577255b-f49a-4364-b07a-4c8f9d88c234",
              "type" : "component"
            } ],
            "id" : "e4266d7a-6de2-4ccf-94f5-9e0217fa5b79",
            "name" : "col1",
            "title" : "Column 1",
            "type" : "region"
          } ],
          "definition" : "community_layout:section",
          "id" : "710145a8-e8dc-4399-ab38-7442eff679d5",
          "type" : "component"
        } ],
        "id" : "57486992-940a-4917-92a0-1c4237b6507f",
        "name" : "content",
        "title" : "Content",
        "type" : "region"
      }, {
        "children" : [ {
          "attributes" : {
            "customHeadTags" : "",
            "description" : "",
            "dxpStyle" : { },
            "pageTitle" : "Check Password",
            "recordId" : "{!recordId}"
          },
          "definition" : "community_builder:seoAssistant",
          "id" : "9b5d50e4-c8da-4acb-8431-83ad6be54e04",
          "type" : "component"
        } ],
        "id" : "655991c0-5558-4dff-b624-11e8ba8defbb",
        "name" : "sfdcHiddenRegion",
        "title" : "sfdcHiddenRegion",
        "type" : "region"
      } ],
      "definition" : "community_layout:sldsFlexibleLayout",
      "id" : "9c99cede-add4-4da5-8fb5-8596af7244ad",
      "type" : "component"
    },
    "dataProviders" : [ ],
    "themeLayoutType" : "Inner",
    "viewType" : "check-password"
  },
  "urlName" : "check-password"
}