{
  "type" : "sfdc_cms__view",
  "title" : "Forgot Password",
  "contentBody" : {
    "component" : {
      "children" : [ {
        "children" : [ {
          "attributes" : {
            "backgroundImageConfig" : "",
            "backgroundImageOverlay" : "rgba(0,0,0,0)",
            "componentSpacerSize" : "",
            "dxpStyle" : { },
            "layoutDirectionDesktop" : "row",
            "layoutDirectionMobile" : "column",
            "layoutDirectionTablet" : "column",
            "maxContentWidth" : "",
            "sectionColumnGutterWidth" : "",
            "sectionConfig" : "{\"UUID\":\"54dfdb73-cb1e-4f02-94e6-de75aa125824\",\"columns\":[{\"UUID\":\"574b9c3e-5478-4463-8a5b-b403fe6dfa0d\",\"columnName\":\"Column 1\",\"columnKey\":\"col1\",\"columnWidth\":\"12\",\"seedComponents\":null}]}",
            "sectionMinHeight" : "",
            "sectionVerticalAlign" : "flex-start"
          },
          "children" : [ {
            "children" : [ {
              "attributes" : {
                "alignment" : "left",
                "dxpStyle" : { },
                "imageInfo" : "",
                "imageInfoMobile" : "",
                "logoWidth" : 250
              },
              "definition" : "dxp_content_layout:siteLogo",
              "id" : "83d338ef-5bfd-44d1-b506-a0fe8cbd3f71",
              "type" : "component"
            }, {
              "attributes" : {
                "cancelButtonLabel" : "Cancel",
                "checkEmailUrl" : "./CheckPasswordResetEmail",
                "dxpStyle" : { },
                "instructionsLabel" : "To reset your password, enter your username. We'll send a reset-password link to the email address associated with your account.",
                "submitButtonLabel" : "Reset",
                "titleLabel" : "Forgot your password?",
                "usernameLabel" : "Username"
              },
              "definition" : "community_login:forgotPassword",
              "id" : "1198b246-73a3-4280-a318-399fe684c0a7",
              "type" : "component"
            } ],
            "id" : "574b9c3e-5478-4463-8a5b-b403fe6dfa0d",
            "name" : "col1",
            "title" : "Column 1",
            "type" : "region"
          } ],
          "definition" : "community_layout:section",
          "id" : "54dfdb73-cb1e-4f02-94e6-de75aa125824",
          "type" : "component"
        } ],
        "id" : "6138f975-497c-4b06-b3c2-65435e6369b8",
        "name" : "content",
        "title" : "Content",
        "type" : "region"
      }, {
        "children" : [ {
          "attributes" : {
            "customHeadTags" : "",
            "description" : "",
            "dxpStyle" : { },
            "pageTitle" : "Forgot Password",
            "recordId" : "{!recordId}"
          },
          "definition" : "community_builder:seoAssistant",
          "id" : "5b94187a-3b16-4f11-a6b2-61ae3ee4efb7",
          "type" : "component"
        } ],
        "id" : "f07b5c3c-0782-482d-b278-4d57379931c4",
        "name" : "sfdcHiddenRegion",
        "title" : "sfdcHiddenRegion",
        "type" : "region"
      } ],
      "definition" : "community_layout:sldsFlexibleLayout",
      "id" : "b44de0fb-bf5b-4f1f-89e8-f65d1cf611cc",
      "type" : "component"
    },
    "dataProviders" : [ ],
    "themeLayoutType" : "Inner",
    "viewType" : "forgot-password"
  },
  "urlName" : "forgot-password"
}