{
  "type" : "sfdc_cms__view",
  "title" : "Error",
  "contentBody" : {
    "component" : {
      "children" : [ {
        "children" : [ {
          "attributes" : {
            "backgroundImageConfig" : "",
            "backgroundImageOverlay" : "rgba(0,0,0,0)",
            "componentSpacerSize" : "",
            "dxpStyle" : { },
            "layoutDirectionDesktop" : "row",
            "layoutDirectionMobile" : "column",
            "layoutDirectionTablet" : "column",
            "maxContentWidth" : "",
            "sectionColumnGutterWidth" : "",
            "sectionConfig" : "{\"UUID\":\"f6b741bf-c243-4364-80bf-6c1635dc5ab2\",\"columns\":[{\"UUID\":\"888cb5bf-9fe4-4018-9906-9feed513d898\",\"columnName\":\"Column 1\",\"columnKey\":\"col1\",\"columnWidth\":\"12\",\"seedComponents\":null}]}",
            "sectionMinHeight" : "",
            "sectionVerticalAlign" : "flex-start"
          },
          "children" : [ {
            "children" : [ {
              "attributes" : {
                "dxpStyle" : { },
                "imageInfos" : "",
                "richTextValue" : "<h1 style=\"text-align: center;\">Invalid Page</h1>"
              },
              "definition" : "community_builder:richTextEditor",
              "id" : "53e245c6-926e-4321-8639-5c811b7f8b6c",
              "type" : "component"
            } ],
            "id" : "888cb5bf-9fe4-4018-9906-9feed513d898",
            "name" : "col1",
            "title" : "Column 1",
            "type" : "region"
          } ],
          "definition" : "community_layout:section",
          "id" : "f6b741bf-c243-4364-80bf-6c1635dc5ab2",
          "type" : "component"
        } ],
        "id" : "1f503753-08ce-4edc-ad65-39aa03c9d996",
        "name" : "content",
        "title" : "Content",
        "type" : "region"
      }, {
        "children" : [ {
          "attributes" : {
            "customHeadTags" : "",
            "description" : "",
            "dxpStyle" : { },
            "pageTitle" : "Error",
            "recordId" : "{!recordId}"
          },
          "definition" : "community_builder:seoAssistant",
          "id" : "d5767007-f502-4304-91c9-9bc1a546646d",
          "type" : "component"
        } ],
        "id" : "28b58b18-393e-444e-afd4-e44147b79e4a",
        "name" : "sfdcHiddenRegion",
        "title" : "sfdcHiddenRegion",
        "type" : "region"
      } ],
      "definition" : "community_layout:sldsFlexibleLayout",
      "id" : "9a71b02b-2a67-4e3a-8202-35999ad42420",
      "type" : "component"
    },
    "dataProviders" : [ ],
    "themeLayoutType" : "Inner",
    "viewType" : "error"
  },
  "urlName" : "error"
}