{
  "type" : "sfdc_cms__view",
  "title" : "Home",
  "contentBody" : {
    "component" : {
      "children" : [ {
        "children" : [ {
          "attributes" : {
            "backgroundImageConfig" : "",
            "backgroundImageOverlay" : "rgba(0,0,0,0)",
            "componentSpacerSize" : "",
            "dxpStyle" : { },
            "layoutDirectionDesktop" : "row",
            "layoutDirectionMobile" : "column",
            "layoutDirectionTablet" : "column",
            "maxContentWidth" : "",
            "sectionColumnGutterWidth" : "",
            "sectionConfig" : "{\"UUID\":\"55795ff5-368d-46d3-bdaf-e2098e7f85ce\",\"columns\":[{\"UUID\":\"75b7d118-7486-4303-a78c-964becccddfc\",\"columnName\":\"Column 1\",\"columnKey\":\"col1\",\"columnWidth\":\"12\",\"seedComponents\":[]}]}",
            "sectionMinHeight" : "",
            "sectionVerticalAlign" : "flex-start"
          },
          "children" : [ {
            "children" : [ {
              "attributes" : {
                "dxpStyle" : { }
              },
              "definition" : "c:recallProcessForm",
              "id" : "4b8ca324-63d8-4674-8887-9d1dcf6350e8",
              "type" : "component"
            } ],
            "id" : "75b7d118-7486-4303-a78c-964becccddfc",
            "name" : "col1",
            "title" : "Column 1",
            "type" : "region"
          } ],
          "definition" : "community_layout:section",
          "id" : "55795ff5-368d-46d3-bdaf-e2098e7f85ce",
          "type" : "component"
        } ],
        "id" : "ce82b36f-0832-4e71-b383-6dd3e9c7824c",
        "name" : "content",
        "title" : "Content",
        "type" : "region"
      }, {
        "children" : [ {
          "attributes" : {
            "customHeadTags" : "",
            "description" : "",
            "dxpStyle" : { },
            "pageTitle" : "Home",
            "recordId" : "{!recordId}"
          },
          "definition" : "community_builder:seoAssistant",
          "id" : "d2c84dd0-4bd0-4531-9bef-9284667f20c8",
          "type" : "component"
        } ],
        "id" : "083f8580-bd08-4690-8f0f-61bbeeff9d05",
        "name" : "sfdcHiddenRegion",
        "title" : "sfdcHiddenRegion",
        "type" : "region"
      } ],
      "definition" : "community_layout:sldsFlexibleLayout",
      "id" : "5efbd31c-9bc6-4a4f-81b1-0c700e458f30",
      "type" : "component"
    },
    "dataProviders" : [ ],
    "themeLayoutType" : "Inner",
    "viewType" : "home"
  },
  "urlName" : "home"
}