{
  "type" : "sfdc_cms__view",
  "title" : "Login",
  "contentBody" : {
    "component" : {
      "children" : [ {
        "children" : [ {
          "attributes" : {
            "backgroundImageConfig" : "",
            "backgroundImageOverlay" : "rgba(0,0,0,0)",
            "componentSpacerSize" : "",
            "dxpStyle" : { },
            "layoutDirectionDesktop" : "row",
            "layoutDirectionMobile" : "column",
            "layoutDirectionTablet" : "column",
            "maxContentWidth" : "",
            "sectionColumnGutterWidth" : "",
            "sectionConfig" : "{\"UUID\":\"c1cc93c9-092a-43d5-ae82-dcb35154254a\",\"columns\":[{\"UUID\":\"f7255e9c-bba7-4b68-82b5-5766cf81229a\",\"columnName\":\"Column 1\",\"columnKey\":\"col1\",\"columnWidth\":\"12\",\"seedComponents\":null}]}",
            "sectionMinHeight" : "",
            "sectionVerticalAlign" : "flex-start"
          },
          "children" : [ {
            "children" : [ {
              "attributes" : {
                "alignment" : "left",
                "dxpStyle" : { },
                "imageInfo" : "",
                "imageInfoMobile" : "",
                "logoWidth" : 250
              },
              "definition" : "dxp_content_layout:siteLogo",
              "id" : "09afaef5-93cc-4be7-bd77-21ac1d2878ab",
              "type" : "component"
            }, {
              "attributes" : {
                "dxpStyle" : { },
                "forgotPasswordLabel" : "Forgot your password?",
                "forgotPasswordUrl" : "/ForgotPassword",
                "loginButtonLabel" : "Log In",
                "passwordLabel" : "Password",
                "selfRegisterLabel" : "Not a member?",
                "selfRegisterUrl" : "/SelfRegister",
                "startUrl" : "",
                "usernameLabel" : "Username"
              },
              "definition" : "community_login:loginForm",
              "id" : "eac03e66-03c5-4c4b-8f6e-3bf81dba3559",
              "type" : "component"
            }, {
              "attributes" : {
                "dxpStyle" : { },
                "employeeLoginLinkLabel" : "Are you an employee? Log in"
              },
              "definition" : "community_login:employeeLoginLink",
              "id" : "818361cd-a847-4572-ab79-6981d893d480",
              "type" : "component"
            } ],
            "id" : "f7255e9c-bba7-4b68-82b5-5766cf81229a",
            "name" : "col1",
            "title" : "Column 1",
            "type" : "region"
          } ],
          "definition" : "community_layout:section",
          "id" : "c1cc93c9-092a-43d5-ae82-dcb35154254a",
          "type" : "component"
        } ],
        "id" : "ca642ae6-d375-49cc-b2c2-2858485cbe63",
        "name" : "content",
        "title" : "Content",
        "type" : "region"
      }, {
        "children" : [ {
          "attributes" : {
            "customHeadTags" : "",
            "description" : "",
            "dxpStyle" : { },
            "pageTitle" : "Login",
            "recordId" : "{!recordId}"
          },
          "definition" : "community_builder:seoAssistant",
          "id" : "24fdd1ab-c4fe-442f-84a7-0606aebf21ac",
          "type" : "component"
        } ],
        "id" : "736c3f38-f4b7-4dfd-a789-4dccf7e5caa9",
        "name" : "sfdcHiddenRegion",
        "title" : "sfdcHiddenRegion",
        "type" : "region"
      } ],
      "definition" : "community_layout:sldsFlexibleLayout",
      "id" : "3cbb1087-1c48-4cc5-a3cf-0eca9189a6c0",
      "type" : "component"
    },
    "dataProviders" : [ ],
    "themeLayoutType" : "Inner",
    "viewType" : "login-main"
  },
  "urlName" : "login"
}