{
  "type" : "sfdc_cms__view",
  "title" : "Home",
  "contentBody" : {
    "component" : {
      "children" : [ {
        "children" : [ {
          "attributes" : {
            "backgroundImageConfig" : "",
            "backgroundImageOverlay" : "rgba(0,0,0,0)",
            "componentSpacerSize" : "",
            "dxpStyle" : { },
            "layoutDirectionDesktop" : "row",
            "layoutDirectionMobile" : "column",
            "layoutDirectionTablet" : "column",
            "maxContentWidth" : "",
            "sectionColumnGutterWidth" : "",
            "sectionConfig" : "{\"UUID\":\"8ce9a3e4-5fee-4484-8f37-ddd9884b8795\",\"columns\":[{\"UUID\":\"ad759f7d-739c-432c-9e87-57cbc5d8df46\",\"columnName\":\"Column 1\",\"columnKey\":\"col1\",\"columnWidth\":\"12\",\"seedComponents\":null}]}",
            "sectionMinHeight" : "",
            "sectionVerticalAlign" : "flex-start"
          },
          "children" : [ {
            "children" : [ {
              "attributes" : {
                "dxpStyle" : { },
                "imageInfos" : "",
                "richTextValue" : "<div style=\"display: flex; justify-content: center; align-items: center; margin: 50px 0; flex-direction: column; text-align: center;\"><div style=\"background-image: url(assets/img/desert.svg) !important; background-size: cover; background-position: center; height: 300px; width: 100%; max-width: 600px; min-width: 300px;\"></div><h1 class=\"slds-text-heading_medium slds-p-bottom_x-small\">Start Building Your Page</h1> <div>Drag and drop a component into the content slots.</div></div>"
              },
              "definition" : "community_builder:htmlEditor",
              "id" : "af0dbdfa-a5a8-419a-a8bb-42d00b6a6d4e",
              "type" : "component"
            } ],
            "id" : "ad759f7d-739c-432c-9e87-57cbc5d8df46",
            "name" : "col1",
            "title" : "Column 1",
            "type" : "region"
          } ],
          "definition" : "community_layout:section",
          "id" : "8ce9a3e4-5fee-4484-8f37-ddd9884b8795",
          "type" : "component"
        } ],
        "id" : "4de00f24-4032-40f2-b0cf-89ba1e348009",
        "name" : "content",
        "title" : "Content",
        "type" : "region"
      }, {
        "children" : [ {
          "attributes" : {
            "customHeadTags" : "",
            "description" : "",
            "dxpStyle" : { },
            "pageTitle" : "Home",
            "recordId" : "{!recordId}"
          },
          "definition" : "community_builder:seoAssistant",
          "id" : "8ea05de9-b401-424c-a4cb-3bd61bc52961",
          "type" : "component"
        } ],
        "id" : "748f34d4-b11f-40f0-98f6-64edeace2e51",
        "name" : "sfdcHiddenRegion",
        "title" : "sfdcHiddenRegion",
        "type" : "region"
      } ],
      "definition" : "community_layout:sldsFlexibleLayout",
      "id" : "149e5cb5-35f8-42d7-ab1d-6f72f79d2627",
      "type" : "component"
    },
    "dataProviders" : [ ],
    "themeLayoutType" : "Inner",
    "viewType" : "home"
  },
  "urlName" : "home"
}