<?xml version="1.0" encoding="UTF-8"?>
<DigitalExperienceBundle xmlns="http://soap.sforce.com/2006/04/metadata">
    <digitalExperienceFolderShares/>
    <label>Fingerprint1</label>
    <modules>
        <module>
            <fullyQualifiedName>sfdc_cms__collection</fullyQualifiedName>
            <status>ENABLED</status>
        </module>
        <module>
            <fullyQualifiedName>sfdc_cms__mobilePublisherConfig</fullyQualifiedName>
            <status>ENABLED</status>
        </module>
    </modules>
</DigitalExperienceBundle>
