{
  "type" : "sfdc_cms__view",
  "title" : "News Detail",
  "contentBody" : {
    "component" : {
      "children" : [ {
        "children" : [ {
          "attributes" : {
            "backgroundImageConfig" : "",
            "backgroundImageOverlay" : "rgba(0,0,0,0)",
            "componentSpacerSize" : "",
            "dxpStyle" : { },
            "layoutDirectionDesktop" : "row",
            "layoutDirectionMobile" : "column",
            "layoutDirectionTablet" : "column",
            "maxContentWidth" : "",
            "sectionColumnGutterWidth" : "",
            "sectionConfig" : "{\"UUID\":\"7f5231a6-fe05-4241-966a-16f9e192f9e9\",\"columns\":[{\"UUID\":\"a7998822-46e3-47da-9c8e-5081bd460378\",\"columnName\":\"Column 1\",\"columnKey\":\"col1\",\"columnWidth\":\"12\",\"seedComponents\":[]}]}",
            "sectionMinHeight" : "",
            "sectionVerticalAlign" : "flex-start"
          },
          "children" : [ {
            "id" : "a7998822-46e3-47da-9c8e-5081bd460378",
            "name" : "col1",
            "title" : "Column 1",
            "type" : "region"
          } ],
          "definition" : "community_layout:section",
          "id" : "7f5231a6-fe05-4241-966a-16f9e192f9e9",
          "type" : "component"
        } ],
        "id" : "dab4826d-6d23-4534-9381-e08ef932c6f2",
        "name" : "content",
        "title" : "Content",
        "type" : "region"
      }, {
        "children" : [ {
          "attributes" : {
            "customHeadTags" : "",
            "description" : "",
            "dxpStyle" : { },
            "pageTitle" : "{!Content.contentTypeLabel}.{!Content.title}",
            "recordId" : "{!recordId}"
          },
          "definition" : "community_builder:seoAssistant",
          "id" : "458eb14c-96e3-4847-a40e-eb7041ad4879",
          "type" : "component"
        } ],
        "id" : "1363491b-5ab7-401d-b4b5-fe00470bbb9c",
        "name" : "sfdcHiddenRegion",
        "title" : "sfdcHiddenRegion",
        "type" : "region"
      } ],
      "definition" : "community_layout:sldsFlexibleLayout",
      "id" : "028f515f-f4fa-4d25-a9d1-e973d0595f2b",
      "type" : "component"
    },
    "dataProviders" : [ ],
    "themeLayoutType" : "Inner",
    "viewType" : "managed-content-sfdc_cms__news"
  },
  "urlName" : "news-detail"
}