{
  "type" : "sfdc_cms__view",
  "title" : "Too Many Requests",
  "contentBody" : {
    "component" : {
      "children" : [ {
        "children" : [ {
          "attributes" : {
            "backgroundImageConfig" : "",
            "backgroundImageOverlay" : "rgba(0,0,0,0)",
            "componentSpacerSize" : "",
            "dxpStyle" : { },
            "layoutDirectionDesktop" : "row",
            "layoutDirectionMobile" : "column",
            "layoutDirectionTablet" : "column",
            "maxContentWidth" : "",
            "sectionColumnGutterWidth" : "",
            "sectionConfig" : "{\"UUID\":\"adf1dd76-675f-4b9b-a951-d78afb258a09\",\"columns\":[{\"UUID\":\"c59f5554-3d76-4c7b-be44-5f905313d2b0\",\"columnName\":\"Column 1\",\"columnKey\":\"col1\",\"columnWidth\":\"12\",\"seedComponents\":null}]}",
            "sectionMinHeight" : "",
            "sectionVerticalAlign" : "flex-start"
          },
          "children" : [ {
            "children" : [ {
              "attributes" : {
                "dxpStyle" : { },
                "imageInfos" : "",
                "richTextValue" : "<div style=\"display: flex; align-items: center; flex-direction: column; margin: 60px 25px 30px 25px;\">\n\t<div style=\"background-image: url(assets/img/tooManyRequests.svg) !important; background-size: contain; height: 350px; width: 100%; background-repeat: no-repeat; background-position: center;\"></div>\n</div>\n<div style=\"margin: 0 25px; text-align: center;\">\n\t<h1 class=\"slds-text-heading_large\">Looks like the site is experiencing higher than usual demand&#8230;</h1>\n\t<p class=\"slds-text-heading_small\">Don't go anywhere. We'll redirect you in a moment.</p>\n</div>"
              },
              "definition" : "community_builder:htmlEditor",
              "id" : "5b7282a7-e806-4012-bcaf-825f42fb2c8d",
              "type" : "component"
            }, {
              "attributes" : {
                "dxpStyle" : { }
              },
              "definition" : "experience_availability:autoRefresh",
              "id" : "d5e04b91-537a-439c-b2b8-fa0aed342470",
              "type" : "component"
            } ],
            "id" : "c59f5554-3d76-4c7b-be44-5f905313d2b0",
            "name" : "col1",
            "title" : "Column 1",
            "type" : "region"
          } ],
          "definition" : "community_layout:section",
          "id" : "adf1dd76-675f-4b9b-a951-d78afb258a09",
          "type" : "component"
        } ],
        "id" : "fa472578-09ce-4e21-b633-f9db159db1d6",
        "name" : "content",
        "title" : "Content",
        "type" : "region"
      } ],
      "definition" : "community_layout:sldsFlexibleLayout",
      "id" : "3d05df28-9030-4800-8d2d-3db886a273ee",
      "type" : "component"
    },
    "dataProviders" : [ ],
    "themeLayoutType" : "ServiceNotAvailable",
    "viewType" : "too-many-requests"
  },
  "urlName" : "too-many-requests"
}