{
  "type" : "sfdc_cms__view",
  "title" : "Login",
  "contentBody" : {
    "component" : {
      "children" : [ {
        "children" : [ {
          "attributes" : {
            "backgroundImageConfig" : "",
            "backgroundImageOverlay" : "rgba(0,0,0,0)",
            "componentSpacerSize" : "",
            "dxpStyle" : { },
            "layoutDirectionDesktop" : "row",
            "layoutDirectionMobile" : "column",
            "layoutDirectionTablet" : "column",
            "maxContentWidth" : "",
            "sectionColumnGutterWidth" : "",
            "sectionConfig" : "{\"UUID\":\"92f8ebb9-1e2e-4626-ab82-d0e4244a031d\",\"columns\":[{\"UUID\":\"a010d44b-8805-44a6-b048-6891f1cea9d0\",\"columnName\":\"Column 1\",\"columnKey\":\"col1\",\"columnWidth\":\"12\",\"seedComponents\":null}]}",
            "sectionMinHeight" : "",
            "sectionVerticalAlign" : "flex-start"
          },
          "children" : [ {
            "children" : [ {
              "attributes" : {
                "alignment" : "left",
                "dxpStyle" : { },
                "imageInfo" : "",
                "imageInfoMobile" : "",
                "logoWidth" : 250
              },
              "definition" : "dxp_content_layout:siteLogo",
              "id" : "13b08c0c-b7c6-4bbc-b480-7411a3f03503",
              "type" : "component"
            }, {
              "attributes" : {
                "dxpStyle" : { },
                "forgotPasswordLabel" : "Forgot your password?",
                "forgotPasswordUrl" : "/ForgotPassword",
                "loginButtonLabel" : "Log In",
                "passwordLabel" : "Password",
                "selfRegisterLabel" : "Not a member?",
                "selfRegisterUrl" : "/SelfRegister",
                "startUrl" : "",
                "usernameLabel" : "Username"
              },
              "definition" : "community_login:loginForm",
              "id" : "faed535d-839c-4b14-afc3-901b90b98463",
              "type" : "component"
            }, {
              "attributes" : {
                "dxpStyle" : { },
                "employeeLoginLinkLabel" : "Are you an employee? Log in"
              },
              "definition" : "community_login:employeeLoginLink",
              "id" : "6be8167a-e1c3-4a7a-bfc8-cb90a3ecce99",
              "type" : "component"
            } ],
            "id" : "a010d44b-8805-44a6-b048-6891f1cea9d0",
            "name" : "col1",
            "title" : "Column 1",
            "type" : "region"
          } ],
          "definition" : "community_layout:section",
          "id" : "92f8ebb9-1e2e-4626-ab82-d0e4244a031d",
          "type" : "component"
        } ],
        "id" : "5b7f164d-fdc3-4dd3-aecc-cb6b9e417afc",
        "name" : "content",
        "title" : "Content",
        "type" : "region"
      }, {
        "children" : [ {
          "attributes" : {
            "customHeadTags" : "",
            "description" : "",
            "dxpStyle" : { },
            "pageTitle" : "Login",
            "recordId" : "{!recordId}"
          },
          "definition" : "community_builder:seoAssistant",
          "id" : "b52a36cb-484f-4649-a8b4-5272473d5d29",
          "type" : "component"
        } ],
        "id" : "887695d9-f5a6-4456-b2d7-28743fa3f28f",
        "name" : "sfdcHiddenRegion",
        "title" : "sfdcHiddenRegion",
        "type" : "region"
      } ],
      "definition" : "community_layout:sldsFlexibleLayout",
      "id" : "a9de93b1-2492-4bbf-b22e-5717e02f1d90",
      "type" : "component"
    },
    "dataProviders" : [ ],
    "themeLayoutType" : "Inner",
    "viewType" : "login-main"
  },
  "urlName" : "login"
}