{
  "type" : "sfdc_cms__themeLayout",
  "title" : "Service Not Available Theme Layout",
  "contentBody" : {
    "component" : {
      "attributes" : { },
      "children" : [ {
        "id" : "817d5522-bb60-45fc-8a81-fd46e3e85f58",
        "name" : "header",
        "title" : "Theme Header",
        "type" : "region"
      }, {
        "id" : "df4401eb-bc9a-4951-9ff3-50e09836cd1f",
        "name" : "footer",
        "title" : "Theme Footer",
        "type" : "region"
      } ],
      "definition" : "community_layout:simpleThemeLayout",
      "id" : "2f3dc12b-f45a-4ed3-a0e5-71f3092cfde9",
      "type" : "component"
    }
  },
  "urlName" : "service-not-available-theme-layout"
}