{
  "type" : "sfdc_cms__view",
  "title" : "Register",
  "contentBody" : {
    "component" : {
      "children" : [ {
        "children" : [ {
          "attributes" : {
            "backgroundImageConfig" : "",
            "backgroundImageOverlay" : "rgba(0,0,0,0)",
            "componentSpacerSize" : "",
            "dxpStyle" : { },
            "layoutDirectionDesktop" : "row",
            "layoutDirectionMobile" : "column",
            "layoutDirectionTablet" : "column",
            "maxContentWidth" : "",
            "sectionColumnGutterWidth" : "",
            "sectionConfig" : "{\"UUID\":\"cc35ee6d-e95e-4f75-8300-57cca412ae88\",\"columns\":[{\"UUID\":\"308f1523-7018-4288-80df-ca48a5c678c5\",\"columnName\":\"Column 1\",\"columnKey\":\"col1\",\"columnWidth\":\"12\",\"seedComponents\":null}]}",
            "sectionMinHeight" : "",
            "sectionVerticalAlign" : "flex-start"
          },
          "children" : [ {
            "children" : [ {
              "attributes" : {
                "alignment" : "left",
                "dxpStyle" : { },
                "imageInfo" : "",
                "imageInfoMobile" : "",
                "logoWidth" : 250
              },
              "definition" : "dxp_content_layout:siteLogo",
              "id" : "36f637be-5b97-4a56-97cc-bf221aec5e33",
              "type" : "component"
            }, {
              "attributes" : {
                "cancelLinkLabel" : "Already have an account?",
                "confirmPasswordLabel" : "Confirm Password",
                "dxpStyle" : { },
                "emailLabel" : "Email",
                "firstnameLabel" : "First Name",
                "includePasswordField" : true,
                "lastnameLabel" : "Last Name",
                "passwordLabel" : "Create Password",
                "regConfirmUrl" : "./CheckPasswordResetEmail",
                "submitButtonLabel" : "Sign Up"
              },
              "definition" : "community_login:selfRegister",
              "id" : "17af53a1-96ce-4330-b220-979691a8d507",
              "type" : "component"
            } ],
            "id" : "308f1523-7018-4288-80df-ca48a5c678c5",
            "name" : "col1",
            "title" : "Column 1",
            "type" : "region"
          } ],
          "definition" : "community_layout:section",
          "id" : "cc35ee6d-e95e-4f75-8300-57cca412ae88",
          "type" : "component"
        } ],
        "id" : "44a03177-c91f-46dc-83c2-677c6307cd23",
        "name" : "content",
        "title" : "Content",
        "type" : "region"
      }, {
        "children" : [ {
          "attributes" : {
            "customHeadTags" : "",
            "description" : "",
            "dxpStyle" : { },
            "pageTitle" : "Register",
            "recordId" : "{!recordId}"
          },
          "definition" : "community_builder:seoAssistant",
          "id" : "7552311b-5827-43c6-89da-908850190f2e",
          "type" : "component"
        } ],
        "id" : "d91a44df-45e2-45d7-9acb-32d9aa2ad05b",
        "name" : "sfdcHiddenRegion",
        "title" : "sfdcHiddenRegion",
        "type" : "region"
      } ],
      "definition" : "community_layout:sldsFlexibleLayout",
      "id" : "af21ef7a-f6f4-44d4-af9d-43d6f0ef9fef",
      "type" : "component"
    },
    "dataProviders" : [ ],
    "themeLayoutType" : "Inner",
    "viewType" : "self-register"
  },
  "urlName" : "register"
}