{
  "type" : "sfdc_cms__view",
  "title" : "News Detail",
  "contentBody" : {
    "component" : {
      "children" : [ {
        "children" : [ {
          "attributes" : {
            "backgroundImageConfig" : "",
            "backgroundImageOverlay" : "rgba(0,0,0,0)",
            "componentSpacerSize" : "",
            "dxpStyle" : { },
            "layoutDirectionDesktop" : "row",
            "layoutDirectionMobile" : "column",
            "layoutDirectionTablet" : "column",
            "maxContentWidth" : "",
            "sectionColumnGutterWidth" : "",
            "sectionConfig" : "{\"UUID\":\"bac94cfb-0afe-45cd-ae15-b16a369e6e4d\",\"columns\":[{\"UUID\":\"9d321943-c09e-458a-a849-c514dcaa01d7\",\"columnName\":\"Column 1\",\"columnKey\":\"col1\",\"columnWidth\":\"12\",\"seedComponents\":[]}]}",
            "sectionMinHeight" : "",
            "sectionVerticalAlign" : "flex-start"
          },
          "children" : [ {
            "id" : "9d321943-c09e-458a-a849-c514dcaa01d7",
            "name" : "col1",
            "title" : "Column 1",
            "type" : "region"
          } ],
          "definition" : "community_layout:section",
          "id" : "bac94cfb-0afe-45cd-ae15-b16a369e6e4d",
          "type" : "component"
        } ],
        "id" : "dab057b3-06bf-4d3e-8a6c-74995295f0b7",
        "name" : "content",
        "title" : "Content",
        "type" : "region"
      }, {
        "children" : [ {
          "attributes" : {
            "customHeadTags" : "",
            "description" : "",
            "dxpStyle" : { },
            "pageTitle" : "{!Content.contentTypeLabel}.{!Content.title}",
            "recordId" : "{!recordId}"
          },
          "definition" : "community_builder:seoAssistant",
          "id" : "b9832176-7f16-4d5a-90f6-f7060d2bbd51",
          "type" : "component"
        } ],
        "id" : "e4178e04-a3b1-4cde-94c6-005683f80ad5",
        "name" : "sfdcHiddenRegion",
        "title" : "sfdcHiddenRegion",
        "type" : "region"
      } ],
      "definition" : "community_layout:sldsFlexibleLayout",
      "id" : "447b6102-f924-4cfa-be58-1dcc49e3427e",
      "type" : "component"
    },
    "dataProviders" : [ ],
    "themeLayoutType" : "Inner",
    "viewType" : "managed-content-sfdc_cms__news"
  },
  "urlName" : "news-detail"
}