{
  "type" : "sfdc_cms__view",
  "title" : "Service Not Available",
  "contentBody" : {
    "component" : {
      "children" : [ {
        "children" : [ {
          "attributes" : {
            "backgroundImageConfig" : "",
            "backgroundImageOverlay" : "rgba(0,0,0,0)",
            "componentSpacerSize" : "",
            "dxpStyle" : { },
            "layoutDirectionDesktop" : "row",
            "layoutDirectionMobile" : "column",
            "layoutDirectionTablet" : "column",
            "maxContentWidth" : "",
            "sectionColumnGutterWidth" : "",
            "sectionConfig" : "{\"UUID\":\"42aa2ad7-7ee2-4c5c-84cf-7a57020276bf\",\"columns\":[{\"UUID\":\"f09d09a4-db4b-4aa7-8415-7733611486aa\",\"columnName\":\"Column 1\",\"columnKey\":\"col1\",\"columnWidth\":\"12\",\"seedComponents\":null}]}",
            "sectionMinHeight" : "",
            "sectionVerticalAlign" : "flex-start"
          },
          "children" : [ {
            "children" : [ {
              "attributes" : {
                "dxpStyle" : { },
                "imageInfos" : "",
                "richTextValue" : "<div style=\"display: flex; align-items: center; flex-direction: column; margin: 60px 25px 40px 25px;\">\n\t<div style=\"background: url(assets/img/serviceNotAvailable.svg) center no-repeat !important; background-size: contain; height: 331px; width: 100%; max-width: 538px;\"></div>\n</div>\n<div style=\"margin: 0 25px; text-align: center;\">\n\t<h1><b style=\"font-size: 2em\">Looks like the site is temporarily unavailable</b></h1>\n\t<br/>\n\t<p><span style=\"font-size: 1.5em;\">Please try again in a bit.</span></p>\n</div>"
              },
              "definition" : "community_builder:htmlEditor",
              "id" : "6fc3eff7-24dd-49c4-997c-9ca9cfe852ec",
              "type" : "component"
            } ],
            "id" : "f09d09a4-db4b-4aa7-8415-7733611486aa",
            "name" : "col1",
            "title" : "Column 1",
            "type" : "region"
          } ],
          "definition" : "community_layout:section",
          "id" : "42aa2ad7-7ee2-4c5c-84cf-7a57020276bf",
          "type" : "component"
        } ],
        "id" : "7f6e6dc6-45aa-4f63-bca7-27a9573c5d1e",
        "name" : "content",
        "title" : "Content",
        "type" : "region"
      } ],
      "definition" : "community_layout:sldsFlexibleLayout",
      "id" : "938caaa9-c79d-4f8b-a7bf-e182922576c7",
      "type" : "component"
    },
    "dataProviders" : [ ],
    "themeLayoutType" : "ServiceNotAvailable",
    "viewType" : "service-not-available"
  },
  "urlName" : "service-not-available"
}