{
  "type" : "sfdc_cms__view",
  "title" : "Register",
  "contentBody" : {
    "component" : {
      "children" : [ {
        "children" : [ {
          "attributes" : {
            "backgroundImageConfig" : "",
            "backgroundImageOverlay" : "rgba(0,0,0,0)",
            "componentSpacerSize" : "",
            "dxpStyle" : { },
            "layoutDirectionDesktop" : "row",
            "layoutDirectionMobile" : "column",
            "layoutDirectionTablet" : "column",
            "maxContentWidth" : "",
            "sectionColumnGutterWidth" : "",
            "sectionConfig" : "{\"UUID\":\"15ec26a7-b0f9-47f7-b432-57ac44b05c09\",\"columns\":[{\"UUID\":\"cf6492ad-91b9-4fa9-afe6-18a0c94af5ac\",\"columnName\":\"Column 1\",\"columnKey\":\"col1\",\"columnWidth\":\"12\",\"seedComponents\":null}]}",
            "sectionMinHeight" : "",
            "sectionVerticalAlign" : "flex-start"
          },
          "children" : [ {
            "children" : [ {
              "attributes" : {
                "alignment" : "left",
                "dxpStyle" : { },
                "imageInfo" : "",
                "imageInfoMobile" : "",
                "logoWidth" : 250
              },
              "definition" : "dxp_content_layout:siteLogo",
              "id" : "af8cd5d1-c9c9-48b2-b5d2-61d691478e67",
              "type" : "component"
            }, {
              "attributes" : {
                "cancelLinkLabel" : "Already have an account?",
                "confirmPasswordLabel" : "Confirm Password",
                "dxpStyle" : { },
                "emailLabel" : "Email",
                "firstnameLabel" : "First Name",
                "includePasswordField" : true,
                "lastnameLabel" : "Last Name",
                "passwordLabel" : "Create Password",
                "regConfirmUrl" : "./CheckPasswordResetEmail",
                "submitButtonLabel" : "Sign Up"
              },
              "definition" : "community_login:selfRegister",
              "id" : "4453f856-b6ed-4753-917b-40c04b4deb82",
              "type" : "component"
            } ],
            "id" : "cf6492ad-91b9-4fa9-afe6-18a0c94af5ac",
            "name" : "col1",
            "title" : "Column 1",
            "type" : "region"
          } ],
          "definition" : "community_layout:section",
          "id" : "15ec26a7-b0f9-47f7-b432-57ac44b05c09",
          "type" : "component"
        } ],
        "id" : "c01d39f7-3375-4b17-a676-315c0f13b2d0",
        "name" : "content",
        "title" : "Content",
        "type" : "region"
      }, {
        "children" : [ {
          "attributes" : {
            "customHeadTags" : "",
            "description" : "",
            "dxpStyle" : { },
            "pageTitle" : "Register",
            "recordId" : "{!recordId}"
          },
          "definition" : "community_builder:seoAssistant",
          "id" : "4c614a7e-f09c-48f1-b8ed-7c0d63fb5440",
          "type" : "component"
        } ],
        "id" : "595e8be2-5e5f-4dd2-827d-d8fa18578847",
        "name" : "sfdcHiddenRegion",
        "title" : "sfdcHiddenRegion",
        "type" : "region"
      } ],
      "definition" : "community_layout:sldsFlexibleLayout",
      "id" : "81a16235-647e-48ad-8e26-7358449cd06c",
      "type" : "component"
    },
    "dataProviders" : [ ],
    "themeLayoutType" : "Inner",
    "viewType" : "self-register"
  },
  "urlName" : "register"
}