{
  "type" : "sfdc_cms__themeLayout",
  "title" : "Service Not Available Theme Layout",
  "contentBody" : {
    "component" : {
      "attributes" : { },
      "children" : [ {
        "id" : "ac2fe6f3-7ae3-4bdb-8f57-5f9833948c97",
        "name" : "header",
        "title" : "Theme Header",
        "type" : "region"
      }, {
        "id" : "d9f30ac4-4757-49de-bd2d-ee15f8ac38e6",
        "name" : "footer",
        "title" : "Theme Footer",
        "type" : "region"
      } ],
      "definition" : "community_layout:simpleThemeLayout",
      "id" : "3a27a2f3-ea55-4b6a-aeac-4a85b59a4c83",
      "type" : "component"
    }
  },
  "urlName" : "service-not-available-theme-layout"
}