{
  "type" : "sfdc_cms__themeLayout",
  "title" : "Scoped Header and Footer",
  "contentBody" : {
    "component" : {
      "attributes" : {
        "hideThemeFooter" : false,
        "showThemeFooterAtBottom" : true,
        "stickyThemeHeader" : false
      },
      "children" : [ {
        "children" : [ {
          "attributes" : {
            "backgroundImageConfig" : "",
            "backgroundImageOverlay" : "rgba(0,0,0,0)",
            "componentSpacerSize" : "",
            "dxpStyle" : { },
            "layoutDirectionDesktop" : "row",
            "layoutDirectionMobile" : "column",
            "layoutDirectionTablet" : "column",
            "maxContentWidth" : "",
            "sectionColumnGutterWidth" : "",
            "sectionConfig" : "{\"UUID\":\"bbbb9677-3263-4443-948a-f0054bbf97a4\",\"columns\":[{\"UUID\":\"6f68fa4f-bea9-453f-9137-8da12f3fb5c9\",\"columnName\":\"Column 1\",\"columnKey\":\"headerSection\",\"columnWidth\":\"12\",\"seedComponents\":null}]}",
            "sectionMinHeight" : "",
            "sectionVerticalAlign" : "flex-start"
          },
          "children" : [ {
            "id" : "6f68fa4f-bea9-453f-9137-8da12f3fb5c9",
            "name" : "headerSection",
            "title" : "Theme Header",
            "type" : "region"
          } ],
          "definition" : "community_layout:section",
          "id" : "bbbb9677-3263-4443-948a-f0054bbf97a4",
          "type" : "component"
        } ],
        "id" : "f5cba8ea-78a9-47a3-bb77-fa9e94a481f9",
        "name" : "header",
        "title" : "Theme Header",
        "type" : "region"
      }, {
        "children" : [ {
          "attributes" : {
            "backgroundImageConfig" : "",
            "backgroundImageOverlay" : "rgba(0,0,0,0)",
            "componentSpacerSize" : "",
            "dxpStyle" : { },
            "layoutDirectionDesktop" : "row",
            "layoutDirectionMobile" : "column",
            "layoutDirectionTablet" : "column",
            "maxContentWidth" : "",
            "sectionColumnGutterWidth" : "",
            "sectionConfig" : "{\"UUID\":\"29f04f9a-315b-4a8f-bf67-e51b9a625c69\",\"columns\":[{\"UUID\":\"97be0a8f-a5a1-4812-b8bc-30f089d488c4\",\"columnName\":\"Column 1\",\"columnKey\":\"footerSection\",\"columnWidth\":\"12\",\"seedComponents\":null}]}",
            "sectionMinHeight" : "",
            "sectionVerticalAlign" : "flex-start"
          },
          "children" : [ {
            "id" : "97be0a8f-a5a1-4812-b8bc-30f089d488c4",
            "name" : "footerSection",
            "title" : "Theme Footer",
            "type" : "region"
          } ],
          "definition" : "community_layout:section",
          "id" : "29f04f9a-315b-4a8f-bf67-e51b9a625c69",
          "type" : "component"
        } ],
        "id" : "d9a26426-6818-4d26-88ad-32482da16ee3",
        "name" : "footer",
        "title" : "Theme Footer",
        "type" : "region"
      } ],
      "definition" : "community_byo:scopedHeaderAndFooter",
      "id" : "eb5d0eed-3a66-4821-975b-503f8877ab7e",
      "type" : "component"
    }
  },
  "urlName" : "scoped-header-and-footer"
}