{
  "type" : "sfdc_cms__view",
  "title" : "Error",
  "contentBody" : {
    "component" : {
      "children" : [ {
        "children" : [ {
          "attributes" : {
            "backgroundImageConfig" : "",
            "backgroundImageOverlay" : "rgba(0,0,0,0)",
            "componentSpacerSize" : "",
            "dxpStyle" : { },
            "layoutDirectionDesktop" : "row",
            "layoutDirectionMobile" : "column",
            "layoutDirectionTablet" : "column",
            "maxContentWidth" : "",
            "sectionColumnGutterWidth" : "",
            "sectionConfig" : "{\"UUID\":\"bb756e7c-1c32-4138-afc4-cfbef18fc6f9\",\"columns\":[{\"UUID\":\"288e7898-4cda-4af8-b63a-4942b1ec9832\",\"columnName\":\"Column 1\",\"columnKey\":\"col1\",\"columnWidth\":\"12\",\"seedComponents\":null}]}",
            "sectionMinHeight" : "",
            "sectionVerticalAlign" : "flex-start"
          },
          "children" : [ {
            "children" : [ {
              "attributes" : {
                "dxpStyle" : { },
                "imageInfos" : "",
                "richTextValue" : "<h1 style=\"text-align: center;\">Invalid Page</h1>"
              },
              "definition" : "community_builder:richTextEditor",
              "id" : "085ddd1d-463d-4ce2-b3c7-e6572b8406ef",
              "type" : "component"
            } ],
            "id" : "288e7898-4cda-4af8-b63a-4942b1ec9832",
            "name" : "col1",
            "title" : "Column 1",
            "type" : "region"
          } ],
          "definition" : "community_layout:section",
          "id" : "bb756e7c-1c32-4138-afc4-cfbef18fc6f9",
          "type" : "component"
        } ],
        "id" : "33702e9c-8105-4151-ae03-e8132115c7fb",
        "name" : "content",
        "title" : "Content",
        "type" : "region"
      }, {
        "children" : [ {
          "attributes" : {
            "customHeadTags" : "",
            "description" : "",
            "dxpStyle" : { },
            "pageTitle" : "Error",
            "recordId" : "{!recordId}"
          },
          "definition" : "community_builder:seoAssistant",
          "id" : "8f13546b-9253-45ed-82fb-f868fb4950db",
          "type" : "component"
        } ],
        "id" : "03716322-9b08-4f27-8bba-c0d55615dc0f",
        "name" : "sfdcHiddenRegion",
        "title" : "sfdcHiddenRegion",
        "type" : "region"
      } ],
      "definition" : "community_layout:sldsFlexibleLayout",
      "id" : "661f6e66-68ee-4c04-bc8e-4fdad9891210",
      "type" : "component"
    },
    "dataProviders" : [ ],
    "themeLayoutType" : "Inner",
    "viewType" : "error"
  },
  "urlName" : "error"
}