{
  "type" : "sfdc_cms__view",
  "title" : "Service Not Available",
  "contentBody" : {
    "component" : {
      "children" : [ {
        "children" : [ {
          "attributes" : {
            "backgroundImageConfig" : "",
            "backgroundImageOverlay" : "rgba(0,0,0,0)",
            "componentSpacerSize" : "",
            "dxpStyle" : { },
            "layoutDirectionDesktop" : "row",
            "layoutDirectionMobile" : "column",
            "layoutDirectionTablet" : "column",
            "maxContentWidth" : "",
            "sectionColumnGutterWidth" : "",
            "sectionConfig" : "{\"UUID\":\"ba2fc54b-30bc-498b-ba3c-6ece3dff1083\",\"columns\":[{\"UUID\":\"dcbfaa24-20b6-4162-a367-c22c23429cbc\",\"columnName\":\"Column 1\",\"columnKey\":\"col1\",\"columnWidth\":\"12\",\"seedComponents\":null}]}",
            "sectionMinHeight" : "",
            "sectionVerticalAlign" : "flex-start"
          },
          "children" : [ {
            "children" : [ {
              "attributes" : {
                "dxpStyle" : { },
                "imageInfos" : "",
                "richTextValue" : "<div style=\"display: flex; align-items: center; flex-direction: column; margin: 60px 25px 40px 25px;\">\n\t<div style=\"background: url(assets/img/serviceNotAvailable.svg) center no-repeat !important; background-size: contain; height: 331px; width: 100%; max-width: 538px;\"></div>\n</div>\n<div style=\"margin: 0 25px; text-align: center;\">\n\t<h1><b style=\"font-size: 2em\">Looks like the site is temporarily unavailable</b></h1>\n\t<br/>\n\t<p><span style=\"font-size: 1.5em;\">Please try again in a bit.</span></p>\n</div>"
              },
              "definition" : "community_builder:htmlEditor",
              "id" : "44f0024e-4270-4c3f-9221-085f9e91debb",
              "type" : "component"
            } ],
            "id" : "dcbfaa24-20b6-4162-a367-c22c23429cbc",
            "name" : "col1",
            "title" : "Column 1",
            "type" : "region"
          } ],
          "definition" : "community_layout:section",
          "id" : "ba2fc54b-30bc-498b-ba3c-6ece3dff1083",
          "type" : "component"
        } ],
        "id" : "ac237a4a-aa79-4e03-a2b8-b6b8072a0833",
        "name" : "content",
        "title" : "Content",
        "type" : "region"
      } ],
      "definition" : "community_layout:sldsFlexibleLayout",
      "id" : "4808c5b5-074a-4ad6-bdb2-1e639bf7a173",
      "type" : "component"
    },
    "dataProviders" : [ ],
    "themeLayoutType" : "ServiceNotAvailable",
    "viewType" : "service-not-available"
  },
  "urlName" : "service-not-available"
}