{
  "type" : "sfdc_cms__view",
  "title" : "recall-process-thankyou",
  "contentBody" : {
    "component" : {
      "children" : [ {
        "children" : [ {
          "attributes" : {
            "backgroundImageConfig" : "",
            "backgroundImageOverlay" : "rgba(0,0,0,0)",
            "componentSpacerSize" : "",
            "dxpStyle" : { },
            "layoutDirectionDesktop" : "row",
            "layoutDirectionMobile" : "column",
            "layoutDirectionTablet" : "column",
            "maxContentWidth" : "",
            "sectionColumnGutterWidth" : "",
            "sectionConfig" : "{\"UUID\":\"3d005b8e-8d5a-4c07-8bf9-354dab4c00f1\",\"columns\":[{\"UUID\":\"ed3d94af-c3b1-4cd9-b166-01eabca9c898\",\"columnName\":\"Column 1\",\"columnKey\":\"col1\",\"columnWidth\":\"12\",\"seedComponents\":[]}]}",
            "sectionMinHeight" : "",
            "sectionVerticalAlign" : "flex-start"
          },
          "children" : [ {
            "children" : [ {
              "attributes" : {
                "dxpStyle" : { }
              },
              "definition" : "c:recallProcessThankyouForm",
              "id" : "19b33729-9f27-4b3d-9859-af5dbbb03b09",
              "type" : "component"
            } ],
            "id" : "ed3d94af-c3b1-4cd9-b166-01eabca9c898",
            "name" : "col1",
            "title" : "Column 1",
            "type" : "region"
          } ],
          "definition" : "community_layout:section",
          "id" : "3d005b8e-8d5a-4c07-8bf9-354dab4c00f1",
          "type" : "component"
        }, {
          "attributes" : {
            "backgroundImageConfig" : "",
            "backgroundImageOverlay" : "rgba(0,0,0,0)",
            "componentSpacerSize" : "",
            "dxpStyle" : { },
            "layoutDirectionDesktop" : "row",
            "layoutDirectionMobile" : "column",
            "layoutDirectionTablet" : "column",
            "maxContentWidth" : "",
            "sectionColumnGutterWidth" : "",
            "sectionConfig" : "{\"UUID\":\"7e362bc3-ffb4-4ca2-b695-1aabee70568c\",\"columns\":[{\"UUID\":\"4a882c97-170d-4790-bdbd-277978f26f43\",\"columnName\":\"Column 1\",\"columnKey\":\"col1\",\"columnWidth\":\"12\",\"seedComponents\":[]}]}",
            "sectionMinHeight" : "",
            "sectionVerticalAlign" : "flex-start"
          },
          "children" : [ {
            "id" : "4a882c97-170d-4790-bdbd-277978f26f43",
            "name" : "col1",
            "title" : "Column 1",
            "type" : "region"
          } ],
          "definition" : "community_layout:section",
          "id" : "7e362bc3-ffb4-4ca2-b695-1aabee70568c",
          "type" : "component"
        } ],
        "id" : "f695fa1d-c666-419b-afd9-dada66b94b32",
        "name" : "content",
        "title" : "Content",
        "type" : "region"
      }, {
        "children" : [ {
          "attributes" : {
            "customHeadTags" : "",
            "description" : "",
            "dxpStyle" : { },
            "pageTitle" : "recall-process-thankyou",
            "recordId" : "{!recordId}"
          },
          "definition" : "community_builder:seoAssistant",
          "id" : "c7c243fc-5397-4160-ba8d-a7cbc1003ebc",
          "type" : "component"
        } ],
        "id" : "25172d9f-384d-4741-a100-7c1ab1bbaa3c",
        "name" : "sfdcHiddenRegion",
        "title" : "sfdcHiddenRegion",
        "type" : "region"
      } ],
      "definition" : "community_layout:sldsFlexibleLayout",
      "id" : "3b54f831-6e11-4ae3-980c-6cca2cfd81bf",
      "type" : "component"
    },
    "dataProviders" : [ ],
    "themeLayoutType" : "Inner",
    "viewType" : "custom-recall-process-thankyou"
  },
  "urlName" : "recall-process-thankyou"
}